{"cameraMode":{"drawMode":0,"name":"Shaded","section":"Shading Mode"},"sceneLighting":false,"audioPlay":false,"sceneViewState":{"m_AlwaysRefresh":false,"showFog":true,"showSkybox":false,"showFlares":true,"showImageEffects":true,"showParticleSystems":true,"showVisualEffectGraphs":true,"m_FxEnabled":true},"in2DMode":false,"pivot":{"x":-1.984264612197876,"y":0.6875555515289307,"z":0.18381839990615846},"rotation":{"x":0.35008156299591067,"y":-0.15631461143493653,"z":0.059373099356889728,"w":0.9216755032539368},"size":1.251901388168335,"orthographic":false}